id,speed
0,49.18414
1,48.562798
2,37.393238
3,26.760872
4,40.173084
5,30.022068
6,21.54965
7,51.89344
8,50.21605
9,31.332514
10,26.750412
11,19.317665
12,21.86906
13,21.137175
14,27.334219
15,41.444042
16,43.09726
17,47.74883
18,49.583755
19,50.010994
20,48.36304
21,46.33579
22,19.924282
23,24.619091
24,25.797525
25,18.772375
26,20.67264
27,20.276922
28,15.663472
29,12.608109
30,23.274105
31,47.13376
32,48.14334
33,27.411232
34,23.259077
35,23.356104
36,19.97758
37,20.238564
38,42.764755
39,37.478714
40,42.13444
41,48.69713
42,49.5339
43,45.81065
44,18.993364
45,17.738255
46,19.973118
47,12.725799
48,45.093678
49,44.923084
50,44.294983
51,24.953386
52,21.830257
53,18.560024
54,14.454659
55,17.263803
56,15.165401
57,15.301955
58,29.4702
59,31.051922
60,38.27228
61,39.599377
62,40.144367
63,39.88607
64,45.197086
65,45.726006
66,46.597713
67,44.693333
68,43.32825
69,25.609776
70,23.243307
71,19.157228
72,19.342926
73,20.729317
74,15.997551
75,10.270173
76,42.82599
77,37.6247
78,42.922142
79,48.08941
80,13.476848
81,18.006151
82,25.466116
83,16.223543
84,16.436361
85,14.071257
86,22.942488
87,38.54528
88,43.232468
89,38.412075
90,48.512165
91,47.67994
92,47.10004
93,46.633812
94,24.842882
95,14.759108
96,20.310953
97,10.264517
98,9.979177
99,20.448526
100,39.704044
101,45.778275
102,13.224016
103,18.989712
104,15.691761
105,42.102634
106,36.141262
107,48.55894
108,44.529285
109,19.34168
110,10.130459
111,10.568819
112,21.200014
113,35.539265
114,39.284077
115,49.53295
116,50.427387
117,38.3727
118,21.954384
119,18.973703
120,22.975775
121,19.77683
122,34.574627
123,47.901455
124,48.715366
125,41.098152
126,39.491207
127,41.528324
128,44.022182
129,37.332363
130,50.43878
131,49.62066
132,48.972027
133,24.97173
134,22.160585
135,20.902857
136,41.16143
137,46.864464
138,49.521393
139,48.17292
140,47.640255
141,45.53584
142,26.985489
143,14.558801
144,21.05255
145,13.598052
146,19.927916
147,45.52643
148,46.814415
149,45.246567
150,45.824276
151,16.591475
152,17.177612
153,18.005571
154,8.582472
155,21.418222
156,36.07744
157,42.25919
158,39.24724
159,42.90306
160,48.134563
161,48.823112
162,48.268887
163,47.205463
164,44.87334
165,27.505196
166,14.735355
167,20.703299
168,17.76345
169,18.766058
170,11.957675
171,10.559809
172,42.948086
173,48.77933
174,44.8401
175,29.019112
176,24.327972
177,17.962032
178,18.346872
179,11.520208
180,44.734013
181,49.292934
182,50.7507
183,49.70682
184,39.110756
185,20.119247
186,19.4147
187,39.537693
188,34.47982
189,46.61173
190,41.91624
191,43.914577
192,39.742268
193,41.401493
194,39.08719
195,37.439568
196,39.366253
197,42.203903
198,36.029346
199,47.608906
200,46.81942
201,28.134418
202,25.306974
203,19.688704
204,17.745996
205,16.876968
206,38.816055
207,37.470406
208,47.851513
209,47.95787
210,45.864746
211,46.060184
212,26.67298
213,13.882417
214,23.549088
215,21.523075
216,17.850218
217,22.782795
218,43.4939
219,48.100296
220,47.79648
221,45.71436
222,27.718882
223,18.17689
224,11.8030205
225,24.015808
226,45.830345
227,49.11306
228,19.212523
229,24.753405
230,18.425913
231,16.767769
232,41.86495
233,48.417862
234,47.805862
235,19.450272
236,21.574045
237,18.24391
238,21.860035
239,42.54164
240,36.729755
241,39.103786
242,48.217724
243,49.94775
244,49.27447
245,50.35064
246,27.617872
247,18.990374
248,17.92428
249,22.934395
250,20.797827
251,33.093414
252,42.305485
253,34.23328
254,35.263664
255,46.693893
256,47.800625
257,46.43234
258,41.68082
259,40.520103
260,40.29
261,38.257652
262,40.660686
263,45.435482
264,37.064255
265,44.549084
266,48.71689
267,45.617897
268,20.304592
269,19.871088
270,19.053402
271,17.97122
272,19.899565
273,14.969987
274,45.06565
275,48.002697
276,49.47894
277,48.974545
278,28.178469
279,15.788169
280,18.890518
281,23.887142
282,21.562346
283,18.451807
284,13.462428
285,14.049839
286,47.211792
287,48.04963
288,14.13031
289,17.12269
290,17.023169
291,11.919541
292,10.218363
293,22.137493
294,42.690697
295,49.02055
296,48.142445
297,32.683743
298,23.451721
299,28.573172
300,27.669228
301,24.314516
302,29.1004
303,44.637276
304,43.685764
305,49.815834
306,49.057735
307,50.33393
308,46.54251
309,34.523983
310,21.16386
311,14.968019
312,46.125404
313,36.514038
314,40.954502
315,46.973984
316,45.983616
317,38.76651
318,34.233116
319,36.115936
320,45.168682
321,47.587097
322,46.67374
323,46.685898
324,45.227654
325,43.283676
326,44.374916
327,43.116592
328,43.704975
329,39.536297
330,41.459892
331,44.809135
332,47.414436
333,37.962692
334,35.291332
335,46.153973
336,46.160442
337,45.816204
338,16.324577
339,20.07949
340,25.039965
341,24.800835
342,44.73382
343,44.03781
344,46.18739
345,46.299603
346,44.92021
347,19.140587
348,36.657364
349,47.900845
350,47.174732
351,46.545288
352,31.880724
353,16.354736
354,25.793823
355,21.836607
356,17.618856
357,26.167173
358,39.223698
359,44.84555
360,44.2803
361,47.423607
362,15.752559
363,24.024675
364,21.222372
365,18.980188
366,14.024363
367,25.636591
368,42.48105
369,47.863213
370,47.031647
371,46.067596
372,45.86471
373,18.88377
374,21.65419
375,12.571531
376,25.882616
377,33.49624
378,38.591297
379,47.276314
380,29.087238
381,22.477745
382,18.7295
383,33.341
384,45.275173
385,45.48105
386,45.279854
387,42.32344
388,40.680386
389,42.32137
390,40.75375
391,35.91336
392,45.547066
393,45.49622
394,44.433918
395,15.17826
396,17.196402
397,26.392445
398,23.620169
399,17.177341
400,12.295086
401,38.26392
402,37.60387
403,45.109234
404,43.820522
405,41.199173
406,28.363478
407,15.062485
408,20.88378
409,18.730284
410,18.02982
411,9.371173
412,41.675354
413,34.571926
414,41.558952
415,47.445232
416,46.653633
417,46.727596
418,46.529118
419,31.345633
420,19.561161
421,11.817996
422,44.911
423,40.179596
424,52.753162
425,52.59976
426,49.81024
427,30.324102
428,23.957563
429,43.80711
430,45.248528
431,45.57344
432,44.914898
433,43.00621
434,25.53696
435,28.057371
436,27.12178
437,24.10473
438,48.789425
439,50.051426
440,51.17702
441,42.381317
442,29.976059
443,31.94635
444,29.88773
445,38.292786
446,36.414055
447,39.053474
448,45.64245
449,45.103947
450,47.283337
451,49.520008
452,43.195347
453,38.204247
454,42.556526
455,42.91911
456,40.97596
457,44.002396
458,48.079132
459,48.880417
460,40.25408
461,26.020395
462,30.488604
463,27.957598
464,31.50619
465,42.13417
466,50.86675
467,51.53166
468,50.675938
469,49.08934
470,18.2826
471,20.589859
472,24.092972
473,21.153202
474,16.64478
475,28.484884
476,50.168224
477,48.6801
478,28.31417
479,21.102943
480,23.948545
481,22.191696
482,26.40349
483,50.668392
484,49.42248
485,49.41957
486,33.310818
487,29.835075
488,21.442596
489,14.828554
490,14.277348
491,36.252316
492,45.15998
493,51.43603
494,51.726105
495,49.885773
496,22.235775
497,26.94001
498,42.28565
499,51.192173
500,52.28747
501,53.535645
502,51.734844
503,51.52815
504,29.372349
505,30.0394
506,25.496231
507,22.499369
508,25.175951
509,47.18327
510,46.62703
511,46.66816
512,45.929276
513,45.753
514,42.671223
515,41.829082
516,44.18108
517,41.415726
518,48.032795
519,47.441433
520,20.365622
521,26.666773
522,20.275854
523,19.154457
524,13.659809
525,43.02501
526,49.12088
527,48.63243
528,46.768063
529,31.302599
530,17.04967
531,23.994743
532,19.565619
533,14.819722
534,13.467213
535,46.144913
536,30.811262
537,18.89051
538,18.13676
539,19.91763
540,14.189023
541,11.403296
542,44.50777
543,43.276287
544,47.794476
545,46.13061
546,14.782264
547,19.854576
548,22.127102
549,19.38846
550,15.143327
551,39.566143
552,43.084515
553,49.10261
554,48.401142
555,46.157047
556,29.948938
557,17.63214
558,21.97448
559,23.049871
560,18.48978
561,18.882019
562,19.622335
563,17.534805
564,16.204367
565,13.580862
566,45.729084
567,36.933876
568,39.542145
569,50.38992
570,48.69021
571,30.88318
572,43.824986
573,48.52785
574,48.781803
575,49.31324
576,47.530674
577,44.377594
578,40.01077
579,44.946365
580,48.245823
581,38.582428
582,48.253384
583,48.547344
584,16.405062
585,18.827286
586,24.85105
587,24.386454
588,20.492369
589,16.583878
590,19.789425
591,19.54186
592,45.27773
593,50.16819
594,50.059135
595,48.924934
596,47.301247
597,29.610676
598,22.902868
599,18.627369
600,14.2390175
601,46.666542
602,46.679203
603,44.51034
604,14.021739
605,16.43103
606,38.51612
607,40.546696
608,46.504307
609,46.809017
610,45.993572
611,45.479134
612,44.059826
613,13.962795
614,19.818567
615,19.093588
616,16.711334
617,19.583002
618,11.614326
619,22.175554
620,40.789112
621,49.913136
622,49.237247
623,47.27644
624,45.589745
625,28.870548
626,17.19639
627,18.244543
628,18.771498
629,12.780398
630,23.163574
631,52.244396
632,50.3789
633,50.1451
634,41.255
635,27.92283
636,23.270954
637,48.322704
638,48.696835
639,47.44933
640,40.002964
641,39.368305
642,42.493607
643,38.148823
644,36.799175
645,39.26247
646,37.56072
647,46.676987
648,47.3193
649,46.468315
650,44.41523
651,15.437425
652,16.786442
653,11.968344
654,22.771255
655,45.462902
656,46.2651
657,45.99932
658,44.912647
659,44.321625
660,42.404076
661,14.59919
662,20.797905
663,16.580818
664,16.397926
665,17.30822
666,16.88077
667,10.170712
668,42.504147
669,36.461117
670,43.023014
671,46.470898
672,44.25113
673,20.987196
674,17.17607
675,36.2179
676,48.91327
677,48.127342
678,46.703968
679,14.7697115
680,20.54831
681,20.20362
682,20.404705
683,18.288332
684,42.984974
685,47.656254
686,47.43093
687,46.011585
688,44.411556
689,27.1674
690,16.858936
691,19.389153
692,16.978405
693,13.805801
694,47.784107
695,47.523533
696,39.758022
697,26.40441
698,23.979
699,20.252289
700,16.024313
701,21.930965
702,41.86222
703,45.93848
704,48.322758
705,48.73312
706,46.964767
707,47.576984
708,40.71592
709,39.170124
710,40.30543
711,41.067947
712,41.323906
713,41.53776
714,37.538143
715,46.099464
716,37.51325
717,46.53256
718,46.05531
719,27.932705
720,15.286376
721,12.95053
722,11.503138
723,45.57955
724,43.687824
725,44.96674
726,44.75019
727,25.858282
728,16.599215
729,18.459496
730,11.453999
731,42.97052
732,44.087936
733,45.551105
734,42.922337
735,11.328423
736,13.7255745
737,14.483529
738,15.53437
739,9.18628
740,33.48871
741,42.700798
742,47.48302
743,47.445137
744,47.61127
745,25.805779
746,15.26979
747,20.857574
748,20.898794
749,17.270731
750,18.40454
751,15.243985
752,41.656944
753,47.236423
754,47.01907
755,45.363255
756,44.72071
757,16.554777
758,16.156363
759,15.436678
760,15.928562
761,10.260468
762,20.389679
763,43.589592
764,34.258358
765,37.557198
766,49.060696
767,48.7902
768,40.527084
769,21.611538
770,21.218826
771,20.48979
772,33.208786
773,47.217865
774,47.70492
775,47.87621
776,46.449593
777,46.853603
778,40.681023
779,37.762363
780,47.461536
781,48.18928
782,46.94717
783,15.739652
784,17.944273
785,20.30908
786,16.577433
787,18.693502
788,12.25575
789,23.722015
790,45.82152
791,45.976707
792,44.771286
793,45.417812
794,22.170826
795,21.538427
796,17.071424
797,10.125486
798,21.119902
799,44.780907
800,23.301569
801,12.729522
802,15.26779
803,13.150713
804,15.057454
805,10.732396
806,36.076492
807,43.196426
808,45.943848
809,46.438744
810,45.71687
811,45.80501
812,26.394423
813,13.443992
814,19.883999
815,18.664965
816,19.096365
817,43.022724
818,35.693428
819,51.263287
820,49.21418
821,31.84857
822,36.93473
823,29.41016
824,27.892675
825,28.064104
826,52.426567
827,51.448685
828,36.47822
829,30.123423
830,32.72687
831,27.610865
832,45.12592
833,39.984142
834,47.95822
835,47.68152
836,44.938477
837,38.482967
838,39.81664
839,39.21296
840,49.24693
841,49.746056
842,48.602108
843,41.62726
844,26.710302
845,23.81346
846,32.708885
847,42.680225
848,50.372265
849,50.773914
850,50.220318
851,18.869986
852,25.483194
853,23.430294
854,19.46364
855,22.0706
856,17.12032
857,42.45638
858,47.994507
859,50.777657
860,50.088802
861,49.71728
862,18.248241
863,26.725206
864,21.142212
865,18.26083
866,26.269613
867,47.89476
868,44.85313
869,51.17337
870,48.99803
871,33.791058
872,30.378756
873,24.810045
874,45.418865
875,46.183655
876,50.221806
877,49.784904
878,47.78131
879,19.750507
880,12.576126
881,12.699575
882,23.010197
883,45.757275
884,38.19217
885,49.805206
886,51.15867
887,49.655277
888,49.884224
889,49.306744
890,43.81671
891,23.632324
892,20.280481
893,21.656034
894,39.191277
895,48.975082
896,45.179775
897,38.879387
898,43.043297
899,41.938145
900,47.905273
901,46.216873
902,45.143803
903,27.18228
904,13.859976
905,16.892107
906,18.070227
907,17.874084
908,15.465485
909,13.487949
910,37.819057
911,43.430473
912,46.4698
913,46.258453
914,45.95468
915,23.869272
916,21.211672
917,14.699682
918,18.219055
919,11.904664
920,46.235035
921,46.888992
922,46.26175
923,14.176099
924,19.973982
925,21.211243
926,15.170858
927,19.95976
928,12.34093
929,9.063572
930,21.589344
931,37.076733
932,44.75535
933,47.093697
934,15.724947
935,18.672157
936,18.813715
937,14.958552
938,10.845689
939,22.959078
940,44.886112
941,48.57314
942,48.26831
943,46.638332
944,46.989372
945,29.037697
946,14.319288
947,23.133217
948,24.058912
949,16.784498
950,39.44289
951,46.74372
952,48.81353
953,46.52394
954,41.101143
955,22.50332
956,21.733807
957,15.758857
958,40.68558
959,35.793083
960,47.78046
961,49.6339
962,49.639626
963,49.144737
964,47.103058
965,45.184723
966,46.249405
967,41.628
968,43.010574
969,42.959423
970,38.87808
971,38.818043
972,45.594166
973,14.469288
974,16.86064
975,23.380453
976,19.174486
977,13.039006
978,18.6065
979,13.639694
980,10.606592
981,21.179976
982,42.45211
983,47.46231
984,47.985428
985,46.581787
986,24.54555
987,20.246391
988,16.556103
989,11.812511
990,37.235992
991,44.44271
992,48.591156
993,46.430405
994,46.225544
995,45.988567
996,28.674244
997,14.976796
998,17.025902
999,21.963833
1000,14.988707
1001,14.73768
1002,18.772982
1003,12.327589
1004,21.924398
1005,43.74383
1006,48.21252
1007,47.144318
1008,45.49993
1009,30.047344
1010,18.274794
1011,19.434988
1012,12.727265
1013,12.035352
1014,42.880054
1015,49.030678
1016,47.144157
1017,30.993237
1018,18.411076
1019,24.321894
1020,16.334866
1021,19.764368
1022,12.018077
1023,37.606277
1024,43.961098
1025,35.76195
1026,48.994648
1027,28.437082
1028,20.691732
1029,18.68209
1030,21.761312
1031,20.81065
1032,20.888937
1033,41.375328
1034,40.324287
1035,46.315517
1036,47.74316
1037,48.086605
1038,44.64082
1039,39.73874
1040,40.83986
1041,39.567707
1042,36.96922
1043,34.07126
1044,45.731785
1045,38.16219
1046,35.826218
1047,45.061337
1048,42.856358
1049,43.952858
1050,26.12631
1051,20.22073
1052,16.312355
1053,9.579915
1054,42.225563
1055,47.357876
1056,47.34906
1057,45.627296
1058,44.49674
1059,15.322192
1060,25.106867
1061,19.174385
1062,11.5915785
1063,36.80439
1064,43.645935
1065,38.34695
1066,47.57622
1067,45.747475
1068,45.86134
1069,45.643097
1070,45.274616
1071,43.741367
1072,14.392998
1073,17.92967
1074,15.735009
1075,21.347618
1076,34.155926
1077,48.064003
1078,45.308933
1079,15.43413
1080,16.666105
1081,16.865187
1082,13.650492
1083,11.80481
1084,41.71285
1085,37.665554
1086,42.153904
1087,47.075287
1088,19.701347
1089,14.017123
1090,38.09128
1091,40.303986
1092,45.804398
1093,45.989162
1094,45.873417
1095,38.90529
1096,26.733002
1097,20.395868
1098,14.31388
1099,17.0567
1100,19.286074
1101,30.937733
1102,39.37983
1103,37.30957
1104,34.134464
1105,33.484047
1106,46.905136
1107,46.48176
1108,44.056324
1109,38.088196
1110,41.066456
1111,40.18048
1112,36.106342
1113,42.751095
1114,44.817165
1115,46.820156
1116,45.711876
1117,45.891434
1118,22.750154
1119,22.747454
1120,38.624237
1121,39.57502
1122,43.493164
1123,49.043797
1124,46.116463
1125,29.871307
1126,28.304482
1127,27.693712
1128,32.722603
1129,39.89833
1130,44.965908
1131,48.65217
1132,48.607475
1133,46.463097
1134,28.767498
1135,17.959362
1136,19.561338
1137,17.03777
1138,19.368334
1139,13.10251
1140,46.988823
1141,42.70295
1142,46.273438
1143,47.145885
1144,45.66645
1145,26.940062
1146,17.94866
1147,18.943436
1148,47.5535
1149,45.47492
1150,15.47084
1151,25.840502
1152,25.3907
1153,17.840204
1154,19.319752
1155,13.793931
1156,12.436446
1157,23.34057
1158,38.6872
1159,36.647144
1160,48.891758
1161,48.487503
1162,49.430008
1163,48.228363
1164,28.48652
1165,18.306372
1166,20.98725
1167,22.181591
1168,45.731483
1169,47.50008
1170,47.67517
1171,41.357944
1172,37.070972
1173,37.63231
1174,47.16194
1175,48.188957
1176,48.152603
1177,30.199154
1178,16.417747
1179,19.24517
1180,17.993446
1181,18.924839
1182,13.818467
1183,47.27491
1184,44.323795
1185,46.92263
1186,45.557884
1187,45.474854
1188,26.077305
1189,18.886934
1190,14.645478
1191,18.557295
1192,35.376316
1193,42.79379
1194,45.414112
1195,44.79234
1196,44.649612
1197,42.496384
1198,24.63997
1199,41.701614
1200,46.12141
1201,46.252777
1202,43.873013
1203,16.684177
1204,23.301924
1205,17.966007
1206,20.438004
1207,8.87509
1208,20.30936
1209,35.214443
1210,49.81879
1211,47.347893
1212,19.892847
1213,18.914824
1214,21.696663
1215,20.6757
1216,47.573868
1217,48.830402
1218,47.345016
1219,39.719982
1220,26.45891
1221,18.620047
1222,15.8937435
1223,18.094551
1224,22.195032
1225,18.574942
1226,17.026194
1227,41.235542
1228,35.24683
1229,35.708427
1230,46.222973
1231,46.840405
1232,38.836872
1233,39.34124
1234,39.594395
1235,46.8591
1236,15.659817
1237,18.477804
1238,16.444818
1239,13.515768
1240,23.7527
1241,46.49357
1242,39.638462
1243,43.161858
1244,49.213184
1245,47.804806
1246,20.567799
1247,26.180853
1248,24.241613
1249,14.482237
1250,44.89767
1251,48.447662
1252,47.025375
1253,46.792915
1254,20.89926
1255,12.818068
1256,18.363512
1257,39.659035
1258,45.0698
1259,45.32716
1260,45.428432
1261,43.665215
1262,25.097397
1263,19.67384
1264,17.837141
1265,19.93679
1266,15.375527
1267,18.32412
1268,21.665983
1269,47.45483
1270,47.421513
1271,47.536606
1272,44.946266
1273,14.7974615
1274,18.298868
1275,19.067093
1276,18.04708
1277,11.89945
1278,21.107224
1279,34.949177
1280,44.55512
1281,37.6747
1282,46.529808
1283,48.610485
1284,47.512447
1285,26.54073
1286,22.968775
1287,20.24376
1288,16.401096
1289,17.922207
1290,36.309544
1291,47.764664
1292,47.594006
1293,44.74484
1294,40.931103
1295,41.830215
1296,40.00832
1297,37.527065
1298,45.95207
1299,45.67652
1300,45.481274
1301,44.459682
1302,25.242573
1303,12.43829
1304,21.54109
1305,47.247814
1306,48.356697
1307,48.16919
1308,47.943283
1309,36.95588
1310,27.658802
1311,31.070156
1312,27.329012
1313,27.397022
1314,19.477163
1315,32.80598
1316,40.058144
1317,38.848137
1318,44.789585
1319,47.375763
1320,47.161217
1321,45.549927
1322,17.917671
1323,15.955067
1324,19.410784
1325,23.4597
1326,48.33159
1327,21.782984
1328,19.57109
1329,18.543758
1330,18.935
1331,11.835517
1332,24.01518
1333,37.615536
1334,36.947018
1335,48.700314
1336,47.849934
1337,45.74888
1338,19.386208
1339,18.356497
1340,17.944252
1341,18.05009
1342,48.918533
1343,48.312496
1344,40.293964
1345,28.679567
1346,25.204544
1347,20.78943
1348,20.198528
1349,41.153366
1350,38.280983
1351,41.870464
1352,44.102837
1353,40.39742
1354,40.268845
1355,37.310516
1356,44.01124
1357,38.365223
1358,47.85422
1359,28.595001
1360,25.344738
1361,26.781473
1362,21.702368
1363,16.824862
1364,19.616446
1365,14.895768
1366,13.221369
1367,39.348583
1368,45.8399
1369,27.010424
1370,23.087677
1371,16.515106
1372,10.092304
1373,38.563953
1374,47.706753
1375,47.17022
1376,48.294548
1377,26.737766
1378,17.749802
1379,39.670746
1380,43.35531
1381,46.314495
1382,19.725903
1383,12.144939
1384,35.41744
1385,42.273926
1386,40.243763
1387,46.829933
1388,47.547817
1389,43.489853
1390,13.0083275
1391,17.403572
1392,22.170145
1393,17.47067
1394,15.044189
1395,12.485495
1396,44.21211
1397,52.977802
1398,51.661423
1399,51.758606
1400,20.044731
1401,21.693472
1402,48.28161
1403,47.698666
1404,47.55388
1405,43.747368
1406,40.04117
1407,41.30112
1408,43.572224
1409,41.305218
1410,43.17721
1411,46.186775
1412,46.9857
1413,47.51969
1414,12.717047
1415,26.75157
1416,40.034584
1417,45.704594
1418,45.239697
1419,45.15073
1420,14.9923
1421,20.81866
1422,22.099115
1423,17.570911
1424,16.57713
1425,11.941523
1426,9.849565
1427,24.297413
1428,37.979996
1429,44.47814
1430,46.02912
1431,44.939255
1432,45.50064
1433,43.002865
1434,20.029839
1435,14.822858
1436,16.294828
1437,15.487608
1438,10.213087
1439,22.086262
1440,36.03161
1441,42.627922
1442,47.14807
1443,46.576305
1444,44.218445
1445,26.544386
1446,14.436483
1447,43.682617
1448,45.830784
1449,43.64606
1450,25.15408
1451,12.142346
1452,14.01852
1453,15.443488
1454,10.384114
1455,33.530922
1456,36.29488
1457,48.45108
1458,46.97005
1459,45.77414
1460,25.35684
1461,17.449219
1462,18.819622
1463,34.342773
1464,47.21737
1465,48.02444
1466,48.636837
1467,48.491016
1468,42.627903
1469,40.61349
1470,43.08388
1471,40.141296
1472,45.075817
1473,44.098507
1474,12.13233
1475,17.35696
1476,15.828998
1477,9.010744
1478,37.143543
1479,37.84888
1480,47.702854
1481,46.624237
1482,46.805042
1483,25.171658
1484,23.396326
1485,22.310593
1486,17.423914
1487,15.459046
1488,10.881449
1489,10.968947
1490,25.16338
1491,38.189922
1492,47.02619
1493,46.564228
1494,46.527164
1495,43.00537
1496,15.152632
1497,16.403831
1498,18.491802
1499,10.060106
1500,20.649084
1501,35.682884
1502,44.32863
1503,49.06392
1504,48.061615
1505,45.84335
1506,14.3030615
1507,16.97581
1508,19.387161
1509,18.4132
1510,17.258995
1511,12.781508
1512,12.544932
1513,38.40855
1514,44.791348
1515,38.2984
1516,43.945953
1517,20.328302
1518,11.243906
1519,36.749084
1520,35.248314
1521,48.767326
1522,47.388546
1523,27.086735
1524,22.825434
1525,18.954916
1526,19.032413
1527,20.248257
1528,39.81997
1529,34.905025
1530,43.98126
1531,46.395313
1532,37.771175
1533,37.902504
1534,44.197304
1535,43.81579
1536,35.813686
1537,48.633755
1538,48.44557
1539,49.070206
1540,47.486534
1541,45.325603
1542,27.618156
1543,24.778547
1544,29.494686
1545,25.38594
1546,28.223028
1547,40.10788
1548,47.130253
1549,47.4246
1550,46.00519
1551,43.865364
1552,25.974428
1553,22.525503
1554,16.519398
1555,15.500565
1556,10.916106
1557,22.93363
1558,37.990112
1559,46.736275
1560,47.57212
1561,46.44938
1562,46.620693
1563,13.858932
1564,21.099007
1565,11.331522
1566,10.544208
1567,23.780151
1568,42.317753
1569,47.281216
1570,23.994028
1571,24.569782
1572,18.359592
1573,16.579243
1574,11.716769
1575,24.671276
1576,43.560646
1577,40.129307
1578,44.936718
1579,45.350277
1580,43.93916
1581,40.840683
1582,23.304047
1583,18.760492
1584,15.489245
1585,8.90803
1586,33.488773
1587,40.564686
1588,30.515163
1589,34.39238
1590,43.3924
1591,45.13558
1592,44.68015
1593,36.049725
1594,23.44155
1595,22.382313
1596,15.186297
1597,30.423794
1598,39.7757
1599,33.57593
1600,44.36751
1601,44.60219
1602,43.89063
1603,43.760487
1604,41.494896
1605,37.720516
1606,39.806587
1607,36.461063
1608,34.187817
1609,46.533295
1610,46.39121
1611,46.45417
1612,45.817654
1613,17.320095
1614,17.049286
1615,15.208089
1616,18.471
1617,35.82348
1618,41.81177
1619,47.478245
1620,48.170082
1621,46.626263
1622,47.629517
1623,47.06335
1624,44.908295
1625,26.151716
1626,16.21268
1627,23.489744
1628,22.037672
1629,15.539603
1630,11.112724
1631,46.381447
1632,47.794434
1633,46.389202
1634,46.806797
1635,46.050213
1636,44.2377
1637,14.126432
1638,22.168541
1639,23.780766
1640,15.642881
1641,10.130789
1642,23.972624
1643,35.645382
1644,42.554295
1645,46.177917
1646,47.33487
1647,46.022156
1648,22.279991
1649,17.901361
1650,18.532774
1651,16.650583
1652,10.214547
1653,24.770912
1654,36.73275
1655,37.315865
1656,46.69855
1657,45.215843
1658,16.145447
1659,21.180239
1660,20.54733
1661,15.713538
1662,19.92513
1663,16.130249
1664,14.889529
1665,34.63958
1666,45.53372
1667,37.901764
1668,25.682688
1669,21.80818
1670,24.111372
1671,18.265152
1672,38.27903
1673,31.160015
1674,31.812346
1675,43.439735
1676,46.082592
1677,45.28439
1678,45.24407
1679,42.366512
1680,43.4534
1681,47.778446
1682,49.112415
1683,48.210403
1684,40.09121
1685,31.623154
1686,32.20858
1687,26.262506
1688,31.302654
1689,29.088707
1690,24.642164
1691,32.477356
1692,43.505276
1693,40.335484
1694,46.979836
1695,46.730236
1696,45.292564
1697,14.417489
1698,23.103191
1699,21.052357
1700,44.328636
1701,46.614704
1702,30.715034
1703,14.356008
1704,16.518103
1705,20.241304
1706,22.517382
1707,12.083047
1708,24.794403
1709,39.935646
1710,42.550976
1711,48.555164
1712,47.400814
1713,44.805183
1714,23.911757
1715,22.20111
1716,21.330275
1717,15.581539
1718,43.629696
1719,40.68835
1720,47.09342
1721,45.90496
1722,44.612347
1723,31.24088
1724,18.783905
1725,20.320642
1726,37.924385
1727,43.768814
1728,46.575745
1729,40.89769
1730,23.680874
1731,20.003927
1732,41.40806
1733,47.48987
1734,47.914078
1735,46.677555
1736,44.50836
1737,40.193848
1738,36.170197
1739,40.970127
1740,46.681828
1741,44.120857
1742,37.22826
1743,45.56706
1744,37.526737
1745,45.521324
1746,14.864292
1747,18.585293
1748,22.79517
1749,37.388226
1750,37.04342
1751,48.279312
1752,48.703
1753,16.180536
1754,20.568287
1755,20.089602
1756,16.545448
1757,38.731358
1758,46.52363
1759,45.872303
1760,46.645416
1761,46.21832
1762,43.79446
1763,14.437463
1764,16.667202
1765,22.325872
1766,23.09017
1767,49.54135
1768,47.52227
1769,47.90971
1770,21.299423
1771,18.970602
1772,14.402155
1773,47.358402
1774,45.26714
1775,45.885082
1776,44.536453
1777,45.0681
1778,11.381889
1779,14.704049
1780,16.924046
1781,15.833755
1782,19.8202
1783,34.7624
1784,42.796085
1785,46.208965
1786,42.245502
1787,22.405907
1788,20.968111
1789,16.385948
1790,17.237677
1791,28.02277
1792,23.346346
1793,19.108246
1794,42.561405
1795,39.99392
1796,35.825756
1797,45.284016
1798,46.558826
1799,47.646
1800,47.14982
1801,43.586792
1802,44.18435
1803,39.227177
1804,43.934574
1805,43.138523
1806,36.508118
1807,44.571598
1808,46.190525
1809,45.896725
1810,46.600742
1811,45.59115
1812,45.261414
1813,43.904858
1814,14.130211
1815,20.725882
1816,18.8456
1817,16.181053
1818,23.039288
1819,37.34375
1820,41.009018
1821,47.292553
1822,47.16185
1823,15.019054
1824,16.065956
1825,21.151674
1826,20.057482
1827,21.274714
1828,25.266098
1829,44.839542
1830,39.849686
1831,47.694065
1832,45.545628
1833,43.737198
1834,30.464819
1835,14.937991
1836,15.679384
1837,21.063501
1838,19.243784
1839,15.840435
1840,19.860828
1841,36.601925
1842,38.91472
1843,45.454285
1844,23.788734
1845,19.4825
1846,20.658537
1847,11.645623
1848,40.745953
1849,47.576485
1850,46.822342
1851,45.778652
1852,19.573116
1853,22.139652
1854,19.26147
1855,20.101969
1856,19.533943
1857,38.667492
1858,34.222923
1859,47.275745
1860,46.90201
1861,24.439383
1862,21.108234
1863,19.227047
1864,17.494146
1865,47.577255
1866,48.14385
1867,46.65909
1868,44.535503
1869,43.158566
1870,40.154114
1871,41.914047
1872,44.00899
1873,33.639458
1874,48.0614
1875,47.82367
1876,47.02186
1877,46.052498
1878,23.02263
1879,20.74803
1880,12.273387
1881,49.45384
1882,49.711464
1883,48.997887
1884,49.058903
1885,15.861108
1886,20.74698
1887,22.34393
1888,19.479713
1889,22.855537
1890,48.628452
1891,18.123594
1892,22.203167
1893,23.84065
1894,17.854046
1895,11.328527
1896,48.18608
1897,49.5773
1898,20.002682
1899,18.820946
1900,11.778836
1901,25.024544
1902,39.993504
1903,50.27801
1904,46.998817
1905,16.33424
1906,21.139772
1907,20.222551
1908,23.13654
1909,17.410084
1910,25.53743
1911,47.23285
1912,45.926544
1913,26.509598
1914,21.14468
1915,20.104694
1916,20.766157
1917,16.841074
1918,31.250267
1919,40.78015
1920,37.539913
1921,46.95709
1922,43.275436
1923,35.21219
1924,41.46242
1925,41.55045
1926,42.84114
1927,45.563538
1928,43.9622
1929,47.4135
1930,32.826378
1931,15.941731
1932,21.206715
1933,18.542109
1934,20.390062
1935,23.529343
1936,45.490814
1937,39.07639
1938,42.787388
1939,45.456867
1940,45.175316
1941,43.615093
1942,30.806217
1943,11.979389
1944,22.018744
1945,20.575554
1946,15.321515
1947,23.008047
1948,42.85425
1949,41.525986
1950,48.399734
1951,46.378033
1952,44.528378
1953,30.438871
1954,19.344963
1955,15.35488
1956,19.002056
1957,14.26711
1958,11.557978
1959,40.983856
1960,47.27121
1961,48.80671
1962,47.208454
1963,48.382427
1964,45.536633
1965,24.35628
1966,18.787334
1967,41.57151
1968,41.856766
1969,49.098392
1970,44.386597
1971,17.187876
1972,18.007673
1973,19.229836
1974,18.519442
1975,11.594114
1976,21.733952
1977,39.107292
1978,50.213432
1979,49.255085
1980,50.770184
1981,47.630726
1982,41.68442
1983,29.378368
1984,23.618532
1985,21.096087
1986,19.406492
1987,18.690304
1988,38.19833
1989,42.67745
1990,44.91602
1991,45.64659
1992,43.54401
1993,42.54849
1994,38.488987
1995,38.948444
1996,37.907383
1997,38.24305
1998,48.07534
1999,31.113464
2000,19.583319
2001,21.09837
2002,19.247059
2003,13.581869
2004,23.068314
2005,43.350315
2006,44.188343
2007,47.804996
2008,15.072086
2009,16.5911
2010,24.405878
2011,17.741875
2012,13.315272
2013,14.319668
2014,20.096815
2015,19.545647
2016,19.554964
2017,12.99944
2018,34.42458
2019,39.671463
2020,42.719448
2021,48.212704
2022,48.464806
2023,47.80474
2024,21.550867
2025,19.732018
2026,19.936918
2027,17.48456
2028,14.053868
2029,42.08765
2030,38.46893
2031,42.580853
2032,45.999935
2033,44.5569
2034,20.631973
2035,18.245243
2036,15.897859
2037,17.992525
2038,10.760776
2039,50.453682
2040,49.56817
2041,50.793026
2042,28.840946
2043,25.693922
2044,16.044811
2045,19.626823
2046,42.996136
2047,38.134434
2048,37.091812
2049,39.1073
2050,37.26647
2051,42.097313
2052,34.63875
2053,47.574852
2054,48.12265
2055,45.58831
2056,18.705023
2057,25.498331
2058,21.947344
2059,17.4155
2060,20.070177
2061,14.464886
2062,12.965172
2063,47.597393
2064,48.579517
2065,46.90952
2066,17.087889
2067,23.375288
2068,15.8370075
2069,19.612202
2070,12.482153
2071,36.846016
2072,40.866627
2073,44.62816
2074,48.99722
2075,28.403315
2076,14.794487
2077,16.185055
2078,16.276962
2079,20.612753
2080,22.992022
2081,37.127895
2082,46.571335
2083,46.181263
2084,44.557907
2085,13.407333
2086,19.214579
2087,17.204884
2088,19.364408
2089,40.197598
2090,39.73679
2091,48.13967
2092,48.219185
2093,49.50719
2094,45.555836
2095,16.853987
2096,22.04334
2097,16.570448
2098,16.72922
2099,15.530054
2100,10.99532
2101,38.77247
2102,44.433178
2103,47.990105
2104,45.686718
2105,45.392113
2106,26.650522
2107,23.976768
2108,20.860828
2109,24.641882
2110,17.736149
2111,21.365976
2112,21.171803
2113,34.85336
2114,44.12683
2115,45.822643
2116,44.476933
2117,43.243023
2118,43.192383
2119,38.70684
2120,37.86018
2121,38.110126
2122,41.594826
2123,44.153206
2124,34.806293
2125,36.561157
2126,45.41191
2127,46.192463
2128,45.4385
2129,44.853733
2130,44.24574
2131,15.832677
2132,21.252747
2133,19.224566
2134,15.135982
2135,18.410591
2136,17.413235
2137,11.016404
2138,46.389843
2139,47.805523
2140,17.258528
2141,16.567999
2142,42.847576
2143,47.352154
2144,46.72626
2145,43.67186
2146,13.730401
2147,20.916979
2148,14.545883
2149,15.4378195
2150,21.397812
2151,39.02535
2152,43.10677
2153,46.725758
2154,46.34719
2155,44.22696
2156,12.20514
2157,15.197575
2158,21.66271
2159,17.146854
2160,16.454742
2161,9.847692
2162,36.41496
2163,39.995834
2164,46.381058
2165,31.402063
2166,15.472896
2167,15.65494
2168,19.736252
2169,19.408249
2170,16.906881
2171,18.606457
2172,14.847203
2173,11.406522
2174,41.92285
2175,35.781967
2176,38.51488
2177,46.368355
2178,48.53941
2179,49.59816
2180,20.915596
2181,17.476454
2182,22.055138
2183,23.221817
2184,18.658188
2185,32.18419
2186,36.759354
2187,36.902073
2188,42.355083
2189,42.055878
2190,42.270092
2191,42.41917
2192,40.757755
2193,41.54224
2194,38.804665
2195,39.789005
2196,36.06187
2197,35.893623
2198,34.47146
2199,34.347275
2200,35.014442
2201,40.161633
2202,46.970776
2203,45.71224
2204,45.01172
2205,14.7111225
2206,17.763668
2207,11.824272
2208,40.05857
2209,43.887566
2210,43.751358
2211,42.59477
2212,21.529469
2213,15.837303
2214,16.6259
2215,17.620687
2216,9.274257
2217,20.569319
2218,40.329536
2219,44.1954
2220,44.90113
2221,44.177998
2222,43.99975
2223,42.36587
2224,12.393676
2225,14.090722
2226,13.043306
2227,16.528082
2228,11.201742
2229,7.642141
2230,19.652464
2231,40.783073
2232,50.2628
2233,51.400192
2234,51.25467
2235,50.482937
2236,48.51385
2237,16.905884
2238,19.834982
2239,26.882734
2240,14.15316
2241,26.088625
2242,40.31276
2243,44.827923
2244,46.12734
2245,44.67769
2246,45.50656
2247,43.80933
2248,42.229187
2249,29.344425
2250,10.755001
2251,17.361647
2252,18.567379
2253,12.824877
2254,15.597932
2255,13.010567
2256,9.170639
2257,19.297688
2258,33.41442
2259,34.741077
2260,46.831944
2261,48.136486
2262,46.704025
2263,25.22281
2264,18.616983
2265,18.912426
2266,34.80236
2267,47.49545
2268,47.259773
2269,40.74661
2270,40.600666
2271,39.558735
2272,37.69257
2273,41.684288
2274,42.46529
2275,43.974785
2276,37.301586
2277,38.56779
2278,48.347813
2279,47.492725
2280,49.377174
2281,47.546047
2282,28.931664
2283,24.48816
2284,24.028717
2285,19.535744
2286,20.209347
2287,19.822887
2288,12.124291
2289,40.45706
2290,46.001385
2291,25.7051
2292,12.96741
2293,17.102678
2294,19.473516
2295,17.800714
2296,16.202145
2297,43.981987
2298,39.240185
2299,46.99382
2300,45.226337
2301,18.734226
2302,17.660583
2303,13.084539
2304,18.676628
2305,11.273269
2306,7.409598
2307,38.92605
2308,40.643307
2309,47.869198
2310,46.230675
2311,48.289482
2312,46.46617
2313,44.51659
2314,25.348043
2315,47.279747
2316,48.70186
2317,47.096634
2318,27.558422
2319,15.833968
2320,20.650116
2321,21.956392
2322,17.831648
2323,10.430077
2324,20.415857
2325,36.576942
2326,47.39706
2327,48.76391
2328,47.034134
2329,46.738007
2330,45.962513
2331,38.58483
2332,25.000315
2333,21.94797
2334,18.137606
2335,20.093037
2336,14.093997
2337,37.261944
2338,33.5165
2339,35.077507
2340,46.78939
2341,39.954662
2342,35.94222
2343,40.30277
2344,38.723083
2345,44.45142
2346,48.307644
2347,48.397865
2348,15.4705925
2349,23.203657
2350,22.831226
2351,20.358458
2352,22.597527
2353,39.64509
2354,47.1965
2355,47.345192
2356,46.530884
2357,43.833965
2358,16.487478
2359,21.795408
2360,18.76506
2361,17.245344
2362,18.950733
2363,12.512186
2364,8.767098
2365,35.121567
2366,47.14402
2367,48.121155
2368,46.51251
2369,43.778328
2370,24.09461
2371,16.750685
2372,33.53451
2373,42.693993
2374,47.179382
2375,45.83048
2376,11.932349
2377,20.246033
2378,19.033133
2379,16.067497
2380,8.599009
2381,32.391846
2382,39.471275
2383,46.2948
2384,45.941906
2385,43.691467
2386,11.948426
2387,21.296276
2388,17.939856
2389,32.807533
2390,47.91126
2391,50.525723
2392,49.19563
2393,27.800428
2394,26.894907
2395,19.149355
2396,22.681492
2397,16.06378
2398,47.208366
2399,47.309437
2400,47.51025
2401,39.009617
2402,40.586212
2403,40.531563
2404,38.85897
2405,34.83115
2406,41.667397
2407,43.189167
2408,36.091747
2409,53.34361
2410,51.594917
2411,31.358418
2412,21.969233
2413,26.0874
2414,20.504978
2415,23.98119
2416,15.003449
2417,44.15412
2418,49.0141
2419,47.50375
2420,23.466667
2421,20.494465
2422,46.022976
2423,44.40306
2424,11.235449
2425,14.399411
2426,14.03939
2427,15.369425
2428,13.282259
2429,16.413254
2430,9.715943
2431,6.463683
2432,42.183052
2433,47.792995
2434,46.047047
2435,25.633486
2436,15.794911
2437,20.326677
2438,22.542355
2439,15.749725
2440,13.075012
2441,39.386955
2442,45.384518
2443,45.198776
2444,44.31259
2445,42.527153
2446,15.632621
2447,18.851639
2448,20.42379
2449,15.223702
2450,11.735632
2451,16.923456
2452,47.46759
2453,38.858017
2454,26.298822
2455,21.959381
2456,15.143904
2457,38.488747
2458,33.636894
2459,46.738983
2460,45.89966
2461,38.159252
2462,38.329258
2463,39.417244
2464,38.485016
2465,34.500576
2466,39.835804
2467,42.33932
2468,44.193817
2469,47.911648
2470,49.828594
2471,48.08978
2472,48.040657
2473,29.850311
2474,17.288322
2475,17.434526
2476,24.250578
2477,18.996159
2478,19.811062
2479,13.324985
2480,11.815911
2481,44.283478
2482,45.546703
2483,48.95433
2484,49.488983
2485,49.326378
2486,48.523186
2487,27.379599
2488,32.19805
2489,32.73338
2490,26.831457
2491,26.753075
2492,28.435766
2493,23.172646
2494,44.081486
2495,40.64731
2496,48.143597
2497,46.503857
2498,47.804066
2499,46.481747
2500,44.061913
2501,21.851267
2502,14.875916
2503,18.65486
2504,7.964855
2505,18.849218
2506,42.08752
2507,48.367054
2508,48.09314
2509,46.666973
2510,44.97167
2511,14.2132435
2512,22.0374
2513,18.22129
2514,16.253317
2515,18.626925
2516,16.204062
2517,34.57571
2518,37.066956
2519,16.397919
2520,19.807774
2521,17.081924
2522,16.231682
2523,11.357063
2524,10.195107
2525,19.932646
2526,34.274723
2527,44.49299
2528,47.314743
2529,49.887264
2530,49.856213
2531,25.040594
2532,25.989548
2533,20.171545
2534,16.607777
2535,35.328026
2536,44.831833
2537,46.267063
2538,47.419003
2539,41.20184
2540,38.799274
2541,40.340614
2542,38.584003
2543,43.222057
2544,47.188515
2545,48.8475
2546,48.62729
2547,48.333633
2548,37.37638
2549,31.782047
2550,27.394547
2551,26.152449
2552,21.668705
2553,33.64565
2554,44.271996
2555,44.85827
2556,48.31831
2557,48.967087
2558,47.740833
2559,47.864975
2560,45.715145
2561,26.595865
2562,15.5325365
2563,17.712341
2564,22.96377
2565,16.982147
2566,17.406048
2567,38.49592
2568,46.874664
2569,44.688473
2570,16.649097
2571,23.182884
2572,19.366837
2573,17.17538
2574,12.841601
2575,46.995914
2576,24.420975
2577,13.013253
2578,10.977636
2579,42.226788
2580,40.417107
2581,46.900738
2582,46.667007
2583,46.125435
2584,46.430153
2585,44.177155
2586,16.609695
2587,21.110071
2588,16.681484
2589,19.524094
2590,15.958123
2591,44.128258
2592,35.228245
2593,45.186253
2594,46.32458
2595,44.624302
2596,22.853334
2597,20.63926
2598,21.724178
2599,18.950943
2600,16.608547
2601,17.152275
2602,16.094378
2603,37.37595
2604,47.148617
2605,47.546238
2606,46.68191
2607,43.540802
2608,40.39954
2609,41.159874
2610,41.313454
2611,42.026554
2612,34.17036
2613,45.271225
2614,38.35929
2615,46.108074
2616,48.13657
2617,45.958855
2618,26.333723
2619,15.524838
2620,16.800846
2621,23.425184
2622,20.83336
2623,18.00791
2624,19.800852
2625,21.556656
2626,37.139156
2627,48.392124
2628,48.589943
2629,47.49858
2630,25.371307
2631,24.680115
2632,17.265026
2633,20.24682
2634,16.052074
2635,37.39016
2636,44.970436
2637,38.079662
2638,45.105083
2639,47.264565
2640,47.81746
2641,46.430336
2642,23.10161
2643,16.500925
2644,19.606974
2645,14.086488
2646,17.292953
2647,15.731546
2648,9.528045
2649,42.45374
2650,47.976833
2651,47.557137
2652,48.47092
2653,47.82311
2654,25.459944
2655,16.374191
2656,21.406141
2657,15.778932
2658,24.300882
2659,43.999775
2660,36.740883
2661,47.434135
2662,48.48277
2663,46.241905
2664,46.869328
2665,25.620783
2666,13.467286
2667,20.009811
2668,15.41217
2669,18.238436
2670,21.790688
2671,44.845
2672,34.827736
2673,20.065744
2674,20.790623
2675,21.293043
2676,28.464552
2677,34.965595
2678,36.493317
2679,48.07529
2680,47.726456
2681,47.76133
2682,42.626854
2683,39.18508
2684,41.40921
2685,40.916428
2686,50.066067
2687,47.683075
2688,48.893974
2689,46.850967
2690,27.269016
2691,17.736032
2692,19.3272
2693,13.46839
2694,39.978363
2695,47.61809
2696,43.914852
2697,45.075817
2698,44.59978
2699,44.136974
2700,10.534273
2701,14.255053
2702,16.819668
2703,16.948223
2704,33.379436
2705,40.324062
2706,48.659588
2707,45.454308
2708,30.308115
2709,33.46879
2710,23.633112
2711,29.089397
2712,24.349016
2713,23.571499
2714,20.51611
2715,44.2478
2716,46.79792
2717,46.68593
2718,25.79853
2719,16.345974
2720,19.602016
2721,17.686504
2722,19.256067
2723,15.4922695
2724,10.995203
2725,23.504162
2726,35.99698
2727,48.825455
2728,48.85934
2729,45.640423
2730,20.767736
2731,17.42243
2732,11.912004
2733,22.289293
2734,37.218925
2735,48.114796
2736,49.7966
2737,48.92257
2738,50.109653
2739,49.026505
2740,39.357635
2741,28.595057
2742,22.143469
2743,19.43017
2744,22.254982
2745,19.383293
2746,19.851591
2747,37.00036
2748,48.04275
2749,47.52245
2750,47.63518
2751,42.648827
2752,43.843475
2753,40.191235
2754,41.875984
2755,39.338684
2756,37.57685
2757,48.583405
2758,47.539455
2759,48.243805
2760,23.882673
2761,18.397554
2762,19.980751
2763,13.955884
2764,25.617594
2765,38.45566
2766,45.111874
2767,46.108986
2768,46.579727
2769,44.757076
2770,43.823875
2771,12.022362
2772,20.200125
2773,19.827452
2774,17.381716
2775,21.36178
2776,34.985523
2777,43.42234
2778,42.72526
2779,46.997402
2780,46.29851
2781,46.983837
2782,46.733364
2783,43.85066
2784,23.946636
2785,14.624455
2786,19.825851
2787,17.058847
2788,15.076062
2789,10.117195
2790,23.289667
2791,36.190777
2792,43.19296
2793,39.288612
2794,42.838276
2795,48.444016
2796,47.413963
2797,16.722603
2798,23.313148
2799,23.356884
2800,20.515965
2801,18.028917
2802,19.304947
2803,15.214851
2804,23.905706
2805,36.880196
2806,48.71827
2807,49.767303
2808,48.049576
2809,27.164755
2810,16.659615
2811,20.924059
2812,17.587582
2813,13.542749
2814,22.99679
2815,43.748566
2816,38.643505
2817,47.71481
2818,24.437855
2819,25.954388
2820,20.372793
2821,19.03021
2822,33.249134
2823,39.47722
2824,37.319603
2825,43.5914
2826,45.680138
2827,45.58059
2828,46.384815
2829,40.308846
2830,39.147064
2831,40.091656
2832,39.058346
2833,39.20786
2834,38.22474
2835,35.31722
2836,36.237137
2837,46.359756
2838,46.58132
2839,15.358498
2840,22.215889
2841,19.072853
2842,22.365927
2843,17.544167
2844,17.766933
2845,13.076195
2846,37.16482
2847,42.981346
2848,46.531204
2849,45.559708
2850,46.61691
2851,46.357582
2852,45.71136
2853,43.932358
2854,19.512913
2855,17.719189
2856,43.84359
2857,35.176456
2858,42.40615
2859,47.175495
2860,23.738274
2861,12.6321125
2862,15.113125
2863,19.17278
2864,17.115807
2865,9.603904
2866,22.81388
2867,33.827953
2868,42.836605
2869,39.170063
2870,19.709475
2871,19.436657
2872,18.97795
2873,17.816017
2874,12.778906
2875,37.396244
2876,49.372505
2877,50.20338
2878,48.770058
2879,50.02235
2880,28.89296
2881,17.963331
2882,19.202084
2883,20.470861
2884,19.407364
2885,16.05206
2886,13.979245
2887,45.024593
2888,39.286926
2889,47.98744
2890,46.749405
2891,45.46762
2892,39.32352
2893,22.06253
2894,20.995869
2895,20.13963
2896,15.0399885
2897,20.24602
2898,27.506395
2899,41.3476
2900,35.834183
2901,47.951817
2902,48.050526
2903,39.913807
2904,39.73187
2905,41.108994
2906,43.267445
2907,41.336678
2908,43.434208
2909,37.328968
2910,37.508987
2911,48.53839
2912,48.65314
2913,28.18656
2914,16.54151
2915,26.309158
2916,20.811052
2917,24.85239
2918,39.433346
2919,45.62519
2920,45.747517
2921,47.571033
2922,46.45847
2923,22.32339
2924,18.570038
2925,17.99505
2926,15.142503
2927,9.982766
2928,9.813678
2929,38.637386
2930,47.660522
2931,47.216118
2932,14.188937
2933,15.6072235
2934,18.181976
2935,17.015251
2936,15.865743
2937,10.388217
2938,44.668167
2939,41.124577
2940,46.535168
2941,46.341133
2942,46.014637
2943,13.734073
2944,19.306204
2945,19.488916
2946,10.420102
2947,20.985773
2948,41.470108
2949,35.695095
2950,40.892666
2951,48.59033
2952,45.497116
2953,27.17385
2954,17.036085
2955,23.243196
2956,18.156536
2957,18.48267
2958,19.095692
2959,22.16398
2960,44.23644
2961,38.008366
2962,47.773273
2963,49.894894
2964,39.21537
2965,26.536001
2966,24.323679
2967,22.262438
2968,25.656715
2969,20.937366
2970,17.58357
2971,31.264378
2972,45.81112
2973,48.001682
2974,46.92577
2975,42.178745
2976,37.919853
2977,34.968697
2978,45.955082
2979,22.575207
2980,19.650452
2981,15.761724
2982,16.40097
2983,10.131968
2984,10.340556
2985,45.138405
2986,47.115795
2987,46.703335
2988,47.242733
2989,44.226032
2990,13.436737
2991,16.47377
2992,22.168001
2993,24.125034
2994,18.120491
2995,10.719619
2996,18.191994
2997,43.911808
2998,44.480347
2999,48.959053
3000,46.89496
3001,47.09609
3002,20.698803
3003,16.338604
3004,17.264946
3005,9.941142
3006,40.620785
3007,43.973488
3008,47.120537
3009,45.561337
3010,18.455978
3011,20.621683
3012,23.057096
3013,38.048195
3014,42.70454
3015,34.866646
3016,48.8413
3017,26.28099
3018,19.842518
3019,17.95257
3020,15.611197
3021,10.083542
3022,21.119894
3023,33.930767
3024,45.767082
3025,39.998226
3026,20.132324
3027,16.458794
3028,21.432137
3029,21.339249
3030,18.306705
3031,34.354996
3032,45.076332
3033,47.46151
3034,47.49874
3035,47.843857
3036,42.969887
3037,39.03707
3038,38.212715
3039,39.11952
3040,39.80256
3041,40.358685
3042,35.612297
3043,42.47935
3044,44.064434
3045,44.86694
3046,47.92197
3047,48.10758
3048,45.70116
3049,15.452809
3050,22.995096
3051,19.73349
3052,20.277794
3053,17.398697
3054,20.16845
3055,12.864749
3056,46.381706
3057,48.142326
3058,48.56369
3059,47.753113
3060,48.83549
3061,16.476856
3062,22.796701
3063,19.545862
3064,16.77941
3065,20.868092
3066,16.002506
3067,11.384905
3068,42.846348
3069,38.63168
3070,48.586548
3071,47.452084
3072,47.21955
3073,46.170887
3074,24.65924
3075,19.989632
3076,23.09422
3077,15.7641115
3078,15.914392
3079,18.272251
3080,9.534321
3081,35.146217
3082,43.414165
3083,42.92787
3084,47.98735
3085,46.928967
3086,47.299328
3087,25.46472
3088,15.190619
3089,20.403873
3090,22.70651
3091,19.21788
3092,18.613579
3093,14.742692
3094,37.439053
3095,35.3458
3096,49.41004
3097,47.118576
3098,26.727919
3099,19.263382
3100,23.24591
3101,17.339415
3102,19.009375
3103,19.221039
3104,11.675312
3105,38.89398
3106,38.56076
3107,47.17543
3108,48.416912
3109,48.103024
3110,24.514359
3111,21.319853
3112,16.25071
3113,22.156683
3114,33.572685
3115,37.96507
3116,47.94204
3117,48.25178
3118,43.13189
3119,39.570488
3120,40.48831
3121,41.40002
3122,40.59565
3123,42.733006
3124,40.802605
3125,36.279305
3126,36.7701
3127,38.05473
3128,45.24482
3129,48.00449
3130,49.01249
3131,48.0427
3132,48.20167
3133,28.349133
3134,16.167065
3135,18.214935
3136,25.117828
3137,23.784613
3138,19.879118
3139,11.642384
3140,47.02292
3141,25.293509
3142,18.40349
3143,18.120264
3144,12.002548
3145,10.660885
3146,46.029915
3147,47.25506
3148,45.502243
3149,43.89754
3150,12.88574
3151,9.81657
3152,35.453407
3153,42.72843
3154,46.826294
3155,45.732548
3156,13.25785
3157,20.062849
3158,15.9406185
3159,18.021666
3160,13.257171
3161,48.91226
3162,46.291763
3163,27.312859
3164,16.602825
3165,22.339945
3166,18.172325
3167,19.759972
3168,19.08865
3169,13.092299
3170,22.69243
3171,34.213318
3172,47.255577
3173,48.46661
3174,47.929832
3175,28.23715
3176,25.81329
3177,19.500082
3178,17.243275
3179,17.899088
3180,21.31066
3181,20.075342
3182,17.37471
3183,40.946926
3184,31.703684
3185,33.36614
3186,44.764942
3187,47.525448
3188,47.200653
3189,46.916733
3190,47.00007
3191,44.886505
3192,38.834774
3193,41.12516
3194,42.30623
3195,39.33277
3196,44.01143
3197,47.625366
3198,48.19894
3199,46.720013
3200,48.505024
3201,45.600727
3202,31.83119
3203,17.14479
3204,19.37447
3205,15.727127
3206,12.204734
3207,40.39062
3208,46.117348
3209,38.284317
3210,47.399246
3211,45.73131
3212,47.52414
3213,46.040848
3214,44.18863
3215,16.548872
3216,22.620766
3217,16.23212
3218,38.61828
3219,36.067265
3220,41.27439
3221,47.875294
3222,45.469364
3223,46.704987
3224,19.961233
3225,23.345568
3226,17.61354
3227,11.334589
3228,36.217983
3229,37.403683
3230,40.66863
3231,48.265724
3232,45.945953
3233,48.52526
3234,47.11254
3235,20.74872
3236,19.861956
3237,18.490307
3238,17.096703
3239,10.181204
3240,23.150616
3241,41.923813
3242,46.420864
3243,45.773148
3244,32.52972
3245,14.324312
3246,14.682532
3247,19.970484
3248,21.490042
3249,16.314985
3250,15.499343
3251,16.284096
3252,22.420273
3253,36.538223
3254,29.26177
3255,34.65217
3256,46.17942
3257,45.709335
3258,21.964993
3259,21.35115
3260,15.355778
3261,15.55457
3262,37.82925
3263,36.943157
3264,32.280243
3265,44.832493
3266,46.902756
3267,40.87814
3268,36.398884
3269,40.73689
3270,40.10655
3271,35.543488
3272,43.859863
3273,46.272476
3274,45.291813
3275,16.646967
3276,20.91316
3277,18.158726
3278,10.44133
3279,22.322762
3280,34.18283
3281,47.639812
3282,48.348804
3283,47.08946
3284,28.712511
3285,19.937515
3286,19.364182
3287,17.1288
3288,16.858522
3289,18.91898
3290,12.412199
3291,10.051537
3292,38.86303
3293,44.401024
3294,36.837383
3295,41.812084
3296,46.061077
3297,47.529957
3298,44.820988
3299,21.900904
3300,16.474886
3301,15.577214
3302,49.049305
3303,47.029427
3304,48.7563
3305,47.766205
3306,30.089678
3307,15.73969
3308,17.885437
3309,19.746017
3310,18.002993
3311,10.896146
3312,20.367104
3313,33.84948
3314,46.086754
3315,47.601357
3316,45.65633
3317,43.791904
3318,32.08156
3319,13.939268
3320,15.272264
3321,20.158922
3322,21.736717
3323,16.447594
3324,15.571685
3325,12.673265
3326,8.943346
3327,20.710598
3328,35.57762
3329,42.57837
3330,45.017395
3331,45.784103
3332,23.698107
3333,24.531109
3334,44.449867
3335,46.130363
3336,46.52523
3337,46.28908
3338,43.247692
3339,39.782436
3340,32.933285
3341,37.908978
3342,38.608925
3343,42.23865
3344,31.476954
3345,41.853024
3346,44.73075
3347,46.37196
3348,45.297733
3349,43.758022
3350,29.363575
3351,16.666206
3352,18.820091
3353,16.652893
3354,10.240474
3355,22.617165
3356,37.49731
3357,42.935883
3358,46.84758
3359,47.834244
3360,30.036892
3361,19.562191
3362,21.931446
3363,16.403263
3364,11.6895075
3365,22.72958
3366,39.863976
3367,46.489655
3368,45.154297
3369,29.792515
3370,15.833713
3371,37.67233
3372,41.493813
3373,44.47899
3374,45.36507
3375,44.152668
3376,44.187202
3377,29.103762
3378,13.028669
3379,14.412422
3380,20.42199
3381,15.890319
3382,16.674864
3383,14.725076
3384,7.7168818
3385,20.981094
3386,35.448383
3387,44.970222
3388,31.295292
3389,20.366428
3390,8.060837
3391,20.382738
3392,33.361713
3393,46.867096
3394,49.18641
3395,48.688145
3396,47.363075
3397,23.96704
3398,24.764769
3399,19.524517
3400,20.59142
3401,19.802238
3402,18.777794
3403,18.134779
3404,29.75603
3405,46.0942
3406,48.78465
3407,48.84377
3408,47.68278
3409,48.458836
3410,46.306477
3411,41.49709
3412,39.86975
3413,40.039085
3414,35.03034
3415,49.392307
3416,48.06295
3417,19.147402
3418,25.706228
3419,23.81582
3420,19.683983
3421,14.233278
3422,14.532742
3423,41.941216
3424,47.808308
3425,48.829544
3426,48.38289
3427,45.536346
3428,27.452457
3429,31.342184
3430,30.962074
3431,27.790188
3432,25.491976
3433,20.992153
3434,18.248833
3435,33.253464
3436,42.30231
3437,47.58684
3438,50.138485
3439,48.648987
3440,48.636673
3441,31.208662
3442,25.670048
3443,24.759212
3444,20.898087
3445,18.134312
3446,31.614355
3447,43.78678
3448,50.731564
3449,48.82665
3450,50.119392
3451,49.113045
3452,48.19565
3453,33.027725
3454,27.155548
3455,21.83828
3456,18.471169
3457,19.892212
3458,12.545576
3459,43.9487
3460,51.579105
3461,51.190094
3462,49.71157
3463,49.411427
3464,19.00634
3465,18.11804
3466,19.854029
3467,18.718132
3468,13.361275
3469,32.864452
3470,52.31841
3471,46.190662
3472,27.206596
3473,22.332712
3474,24.384583
3475,23.052153
3476,37.262657
3477,42.67107
3478,34.353233
3479,48.198467
3480,50.35576
3481,50.556114
3482,51.584038
3483,50.0726
3484,50.52537
3485,47.702732
3486,42.905624
3487,45.806904
3488,42.95743
3489,41.005814
3490,39.6755
3491,48.98334
3492,46.994446
3493,49.595814
3494,49.4788
3495,48.02161
3496,24.330053
3497,23.178696
3498,19.547752
3499,16.36738
3500,25.728565
3501,47.29567
3502,40.669304
3503,43.289543